MIG_ID,Wave,Domain,Source_System,Source_Asset_or_Extract,Target_Object,Decision,Load_Strategy,Transform_and_Cleansing,Match_and_Dedupe_Rule,Validation_and_Recon,Archive_or_Retain,Cutover_Timing,WBS_Link,Priority,Notes
MIG-001,Wave 0,Reference Data,Acumatica / research assets,Meetings/asiscustomerdocuments/ACM Affinity Groups.xlsx,Affinity Groups,Migrate,One-time seed then stewarded CRUD,"Normalize labels, merge duplicates, mark inactive groups",Group code/name exact match with steward review for conflicts,Seed count matches approved master list,Retain source workbook in project archive,Pre-build foundation,"Master Data, Admin Settings & Configuration > Govern operational master data > Seed affinity groups and ownership groups from legacy reference exports",P0,"Operationally critical for leads, customers, branding, and reporting. | Current WBS: Release 1 / Sprint 03"
MIG-002,Wave 0,Reference Data,Acumatica / research assets,Meetings/asiscustomerdocuments/ACM Ownership Groups.xlsx,Ownership Groups / PE Groups,Migrate,One-time seed then stewarded CRUD,Standardize PE names and inactive values,Ownership code/name exact match with manual conflict resolution,Seed count and steward sign-off,Retain source workbook in archive,Pre-build foundation,"Master Data, Admin Settings & Configuration > Govern operational master data > Seed affinity groups and ownership groups from legacy reference exports",P0,Needed for account segmentation and reporting. | Current WBS: Release 1 / Sprint 03
MIG-003,Wave 0,Reference Data,Research assets / Acumatica,ACM Customer Classes.png; price class exports; Training Catagories.pdf,"Customer Classes, Price Tiers, Training Categories, Lead Sources",Migrate,Controlled admin seed loads,Map codes to controlled values and descriptions,Code-based match only,Admin screens reflect approved configuration lists,Retain source artifacts,Pre-build foundation,"Master Data, Admin Settings & Configuration > Govern operational master data > Import lead sources, customer classes, training categories, and capture settings",P1,Creates clean admin-owned reference data before workflow build. | Current WBS: Release 1 / Sprint 03
MIG-004,Wave 0,Workflow Configuration,Research assets,Lead_Customer_Master_Datasheet.xlsx; Lead Statuses.csv; Lead Onboarding Form.csv,"Lead stage model, lead field rules, routing fields",Migrate,Configuration import and validation,"Consolidate final stage names, required field rules, routing values",Config key based,Lead form and pipeline match approved configuration,Retain source config docs,Pre-build foundation,"Master Data, Admin Settings & Configuration > Govern operational master data > Import lead sources, customer classes, training categories, and capture settings; Lead Capture & Lead Management > Run the full lead lifecycle > Configure the seven confirmed lead stages",P0,This is a configuration baseline rather than transactional data. | Current WBS: Release 1 / Sprint 03-Sprint 06
MIG-005,Wave 1,Customer Bootstrap,Acumatica,Customer entity export; Customers.pdf; DAC and screenshots,Customer Accounts,Bootstrap via sync,Initial bootstrap then ongoing sync,"Normalize statuses, classes, legacy IDs, financial flags",Customer ID as primary; legacy ID and account name as secondary,"Customer count, sample field comparison, sync status audit, and customer-creation trigger validation against approved lifecycle rules",ERP remains system of record for financial fields,Pre-UAT bootstrap; refresh before go-live,"Acumatica Integration & Data Migration > Synchronize account and contact data > Bootstrap customers and contacts from Acumatica, then run governed ongoing sync",P0,Financial fields must not be overwritten by CRM during bootstrap. | Current WBS: Release 2 / Sprint 08
MIG-006,Wave 1,Location Bootstrap,Acumatica / sample location assets,ACM Sample Customers Locations.xlsx; Locations.pdf; customer locations export,Customer Locations and Shipping Addresses,Bootstrap via sync,Initial load then ongoing sync,"Normalize address format, price class assignment, location types",Customer ID + location code/address match,Sample multi-location accounts validated with business owners,ERP remains source for shipping master data where owned,Pre-UAT bootstrap,"Customer, Account, Contact & Multi-Location Management > Build parent-child location hierarchy and shared account rollups > Bootstrap multi-location hierarchy from Acumatica shipping-address extracts",P0,Supports accounts with many operating sites and dealer address books. | Current WBS: Release 2 / Sprint 07
MIG-007,Wave 1,Contact Bootstrap,Acumatica / Dynamics CRM,Acumatica contacts export; Dynamics contact extract,Customer Contacts,Migrate + bootstrap,Merge contacts into canonical contact model,"Normalize phone/email, assign contact roles, mark billing vs operational contacts",Email + phone + account match with survivorship rules,Duplicate report reviewed and key accounts manually checked,Archive rejected duplicates,Pre-UAT bootstrap,"Customer, Account, Contact & Multi-Location Management > Implement contact hierarchy and role ordering > Merge bootstrapped contacts into the governed three-contact-role model",P0,Operational contact quality will require human stewardship during cleanse. | Current WBS: Release 2 / Sprint 07
MIG-008,Wave 1,Lead History,Dynamics CRM and spreadsheets,Dynamics lead extract; manual lead sheets; lead master datasheet,Historical Leads and Funnel History,Migrate selectively,Bulk import with dedupe and status normalization,"Repair obvious phone/email formatting, map old stages to new seven-stage model",Company + primary email/phone + legacy ID,Lead counts by source and stage compared to export totals,Archive unrecoverable records with reason code,Pre-UAT history load; freeze delta near cutover,"Acumatica Integration & Data Migration > Preserve operational history > Migrate lead, account, contact, activity, and lead-source attribution data from Dynamics CRM and related spreadsheets",P0,Historical stage fidelity may be imperfect; preserve lineage notes. | Current WBS: Release 3 / Sprint 18
MIG-009,Wave 1,Lead Source History,HubSpot,HubSpot form and lead export,Lead Source and Campaign Attribution History,Migrate selectively,Bulk import of historical attribution fields,"Normalize source names, map branded site identifiers, remove duplicate conversions","HubSpot lead ID when present, else email + company + date window",Counts by site/source/campaign reviewed against export totals,Archive raw HubSpot export,Pre-go-live migration wave,"Acumatica Integration & Data Migration > Preserve operational history > Migrate lead, account, contact, activity, and lead-source attribution data from Dynamics CRM and related spreadsheets",P1,"Net-new capture moves to CRM forms, so this is history preservation not ongoing sync. | Current WBS: Release 3 / Sprint 18"
MIG-010,Wave 1,Product Catalog,Acumatica + Shopify enrichments,Acumatica Stock Items exports; Shopify US Products.csv; Shopify Canada Products.csv,"Product Catalog, merchandising metadata, brand/category tags",Bootstrap via sync + enrichment,Bootstrap product master from ERP and enrich portal-facing attributes from curated mapping,"Resolve SKU aliases, category tags, product imagery references, Canada/US overlap",Inventory ID / SKU exact match,"SKU counts, category counts, sample product details and variant checks",Keep raw enrichment files for audit,Pre-UAT bootstrap with refresh before go-live,Dealer Portal Replacement for Shopify > Deliver a B2B product browsing experience > Bootstrap the full catalog with real SKU and variant structure,P0,"Shopify data is used for dealer experience enrichment, not as authoritative product master. | Current WBS: Release 2 / Sprint 11"
MIG-011,Wave 1,Pricing,Acumatica + pricing workbooks,A1a Generic Pricing 2025.xlsx; Sales Price Worksheet extracts; AZR price lists,"Price tiers, price sheets, dealer pricing cache",Bootstrap via sync + controlled import,Use ERP-owned price class sync and import curated price-sheet templates,"Map price class codes, normalize product references, separate publishable vs internal fields",Price class + inventory ID,Sample account price checks and worksheet count comparison,Archive superseded lists,Pre-go-live pricing rehearsal,"Dealer Portal Replacement for Shopify > Apply customer-specific commercial rules > Resolve bootstrapped price class, customer class, and discount tier at login and checkout",P1,Supports price sheets and dealer pricing without moving rebate logic into CRM. | Current WBS: Release 2 / Sprint 12
MIG-012,Wave 1,Dealer Accounts,Shopify US / Shopify CA,Customer/user exports and account mappings,"Dealer Accounts, Users, Preferences, Favorites",Migrate selectively,Map Shopify contacts into customer-account based portal access model,"Collapse duplicate contacts, align to customer ID, split active vs inactive users",Customer ID where available; else billing email + company + ERP account match,Account-access test for pilot dealers and user count comparison,Archive superseded Shopify account exports,Cutover-prep wave,"Dealer Portal Replacement for Shopify > Provision dealer company access from onboarding > Bootstrap dealer company admin, users, and enrollment workflow from approved onboarding and Shopify exports",P1,This is a structural migration because Shopify is contact-centric and the new portal is account-centric. | Current WBS: Release 2 / Sprint 12
MIG-013,Wave 1,Transaction History Bootstrap,Acumatica,"Order, shipment, invoice, statement, payment extracts",Portal and CRM transaction views,Bootstrap via sync,Load recent history and backfill on demand by account,"Map one order to many invoices, normalize shipment and status vocabulary",ERP transaction IDs only,Transaction totals and sampled account statements match ERP; representative pilot accounts reconcile before dealer rollout,ERP remains authoritative store,Pre-go-live bootstrap with ongoing sync afterward,"Acumatica Integration & Data Migration > Expose order and finance history > Bootstrap recent orders, invoices, shipments, statements, and payment status into CRM and dealer views",P0,Recent history should be present at go-live so dealers are not landing in an empty account center. | Current WBS: Release 3 / Sprint 18
MIG-014,Wave 1,Consignment Master,Warehouse Tracking Master + Acumatica,Warehouse_Visit_Tracking_Master.xlsx tabs; consignment docs; warehouse extracts,"Consignment Sites, Audit Schedules, Warehouse IDs",Migrate,"Bulk load sites and audit state, then reconcile against ERP warehouses","Standardize location counts, site status, warehouse naming, TM ownership, due-date formats",Warehouse ID + CID + site description,"Site count reconciliation, sample audit dates, warehouse ID validation",Retain raw workbook snapshots,Pre-UAT load and final refresh before go-live,"Consignment Management > Bring real consignment locations into CRM > Load active, new, and exited consignment sites with warehouse identifiers and in-scope documents",P0,Research contains conflicting site counts; reconciliation is mandatory before sign-off. | Current WBS: Release 3 / Sprint 14
MIG-015,Wave 1,Consignment Documents,Dropbox / PDFs / forms,"Program Agreement, Initial Verification, Reconciliation, Adjustment, Exit, Damage forms",Consignment Document Repository,Migrate selectively,Migrate in-scope operational documents and link to site/customer,"Rename consistently, attach metadata, classify by form type and site",File hash + site/customer/date,Document count by form type and sample retrieval tests,Archive low-value duplicates and obsolete copies,Pre-go-live staged import,"Consignment Management > Bring real consignment locations into CRM > Load active, new, and exited consignment sites with warehouse identifiers and in-scope documents",P1,Operational documents move into CRM scope; broader DAM content remains bounded. | Current WBS: Release 3 / Sprint 14
MIG-016,Wave 1,Training History,Map My Customer + Outlook + training portal,"Visit notes exports, calendar history, certification exports",Training Records and Hours History,Migrate selectively,Create structured training history from best-available sources; archive low-confidence records,"Split generic visit notes into training vs non-training where possible, normalize duration and type",Customer + user + date/time + training type heuristics,Hours totals sampled against known customer proof cases,Archive unresolved notes separately,Historical load before executive dashboard sign-off,"Training Management > Prove what was delivered > Backfill structured training history, completion evidence, and follow-up tasks from legacy sources",P1,This is one of the hardest migrations because source history is fragmented and partly unstructured. | Current WBS: Release 3 / Sprint 13
MIG-017,Wave 1,Digital Assets,Dropbox / Widen curated subset,Approved sales collateral and dealer-safe downloads,CRM Asset Library and Dealer Downloads,Selective import,Curate in-scope assets and load only approved files,"Brand tag, audience tag, file status, effective date",Asset name + checksum + brand,Business owner approves curated launch catalog,Enterprise-wide DAM stays outside CRM scope,Pre-go-live content readiness wave,Digital Assets & Document Handling > Make product and dealer assets usable without Widen or Dropbox hunts > Serve curated Widen and Dropbox assets through stable dealer-group-aware links,P1,Avoids trying to fully replace Widen inside the CRM program. | Current WBS: Release 3 / Sprint 19
MIG-018,Wave 2,Historical Reporting,QuickBooks,Historical GL or reporting exports,Reporting history tables and coverage panel,Migrate selectively,Load aggregated historical facts by month/account/product where feasible,Map legacy account/product structures to current reporting dimensions,Period + legacy key + mapped target dimension,Revenue by period reconciles to historical QuickBooks extracts,Keep raw extracts and lineage mapping,Post-core go-live or late pre-go-live if quality permits,"Reports & Analytics > Keep dashboards and exported reports consistent > Load KPI baseline packs and build lineage/reconciliation testing across dashboards, builder outputs, and exports",P2,Not needed to run day-one operations but important for executive trend analysis. | Current WBS: Release 4 / Sprint 21
MIG-019,Wave 1,CIS and Onboarding Files,Dropbox / admin folders / PDFs,Legacy CIS packages and onboarding docs,Customer-linked CIS Repository,Migrate selectively,"Migrate active and recent CIS packages first, older docs on demand","Attach customer, status, signature date, and document type metadata",Customer + date + file hash,Recent active customer sample retrieval and metadata accuracy check,Old low-value files can remain archived outside active repository,Pre-go-live active-account load,"CIS, Credit & Onboarding Workflow > File and retain onboarding artifacts > Migrate active CIS packages into governed document folders and customer context",P1,Focus on active/recent customer onboarding history to control effort. | Current WBS: Release 2 / Sprint 10
MIG-020,Wave 1,Dealer Group Rules,CRM reference data + Acumatica customer classifications + account setup extracts,"Affinity groups, ownership groups, portal eligibility, customer class, region, and private-label hints",Dealer Group Resolution Model,Transform and derive,Seed active account setups and derive dealer-group assignments from governed rules rather than hand-entered catalogs,"Normalize affinity names, ownership overlays, private-label codes, region values, and portal-eligibility flags",Account number + affinity + ownership + region,Representative dealer accounts resolve to the expected catalog group and branded portal context,Retain source snapshots and derived mapping outputs,Pre-dealer pilot,Product Management & Dealer Catalog Governance > Define account-driven catalog groups > Resolve dealer groups from migrated account setup,P0,This is the production replacement for static demo dealer groups. | Current WBS: Release 2 / Sprint 12
MIG-021,Wave 1,Product-to-Asset Linkage,Shopify exports + Widen curated links + Dropbox curated files,"Product images, collateral links, spec sheets, install guides, and file manifests",Product-to-Asset Link Registry,Migrate selectively,"Build a canonical linkage map by item ID / SKU, dealer group, brand, and region before go-live","Normalize filenames, brand tags, product IDs, regions, and duplicate file variants",Inventory ID or SKU + brand/region + file hash,"Sample products show the correct files in Product Management, dealer portal, and asset preview",Retain unresolved and out-of-scope files outside the launch library,Pre-go-live content wave,"Product Management & Dealer Catalog Governance > Attach the right branded files to each dealer group > Link migrated images, brochures, spec sheets, and install guides",P0,Reduces wrong-brand file risk and supports brand-safe sharing/export. | Current WBS: Release 3 / Sprint 19
MIG-022,Wave 1,Reporting Metric Baselines,Existing SQL exports / monthly packs / QuickBooks / operational spreadsheets,Approved baseline KPI outputs and historical comparison packs,Reporting KPI Baseline and Coverage Register,Migrate selectively,Load only the agreed baseline metrics needed for dashboard UAT and executive validation,"Align fiscal periods, metric definitions, and territory/account mappings",Period + metric + business dimension,Dashboard and priority report outputs reconcile to agreed baseline samples and KPI lineage tests,Retain raw baseline files and lineage mapping,Before reporting UAT,"Reports & Analytics > Keep dashboards and exported reports consistent > Load KPI baseline packs and build lineage/reconciliation testing across dashboards, builder outputs, and exports",P1,Protects reporting sign-off by making baseline evidence explicit. | Current WBS: Release 4 / Sprint 21
MIG-023,Wave 2,Cutover Delta Capture,Dynamics CRM / HubSpot / Shopify / Acumatica / file repositories,Delta capture queries and extracts per source system,Cutover delta load packages,Migrate,Capture changes between rehearsal and cutover and load them in the final migration window,Apply the same approved mapping and cleansing rules as rehearsal loads,Source system key + approved survivorship rules,Delta counts and sampled records reconcile to source extracts before final approval,Retain raw delta extracts and execution logs,Between final rehearsal and production cutover,Acumatica Integration & Data Migration > Capture data changes between rehearsal and cutover > Build migration delta capture queries per source system,P0,Implements the explicit delta-capture control added to the WBS. | Current WBS: Release 4 / Sprint 25
MIG-024,Wave 2,Rollback Control,Target platform + migration execution logs,"Pre-cutover snapshots, backup manifests, and restore scripts",Rollback package per migration wave,Retain and operationalize,Prepare rollback manifests and restore procedures before each migration wave,Not applicable; operational rollback control,Not applicable,Rollback rehearsal restores target state and supports go/no-go review,Retain backup manifests and rollback execution evidence,Before rehearsal sign-off and before production cutover,Acumatica Integration & Data Migration > Enable safe migration rollback > Build rollback procedures and scripts per migration wave,P0,Anchors the explicit rollback-script control now present in the WBS. | Current WBS: Release 4 / Sprint 25
